<?xml version="1.0" encoding="UTF-8" ?>
<!DOCTYPE mapper
        PUBLIC "-//mybatis.org//DTD Mapper 3.0//EN"
        "https://mybatis.org/dtd/mybatis-3-mapper.dtd">

<mapper namespace="com.bitc.java505_team4.mapper.UserMapper">
    <select id="isUserInfo" resultType="int" parameterType="map">
        select
            count(member_email) AS cnt
        FROM
            food_member
        where
            member_email = #{memberEmail}
        and
            member_pw = #{memberPw}
    </select>

    <select id="getUserInfo" resultType="com.bitc.java505_team4.dto.UserDto" parameterType="String">
        SELECT
            member_email, member_name, admin_yn
        FROM
            food_member
        WHERE
            member_email = #{memberEmail}
    </select>

    <select id="myUserDetail" parameterType="String" resultType="com.bitc.java505_team4.dto.UserDto">
        SELECT
            member_email, member_pw, member_name
        FROM
            food_member
        WHERE
            member_email = #{memberEmail}
    </select>

    <update id="myUserUpdate" parameterType="com.bitc.java505_team4.dto.UserDto">
        UPDATE
            food_member
        SET
            member_pw = #{memberPw}, member_name = #{memberName}
        WHERE
            member_email = #{memberEmail}
    </update>

    <insert id="insertMembership" parameterType="com.bitc.java505_team4.dto.UserDto">
        insert into
            food_member(member_email, member_pw, member_name)
        VALUES
            (#{memberEmail}, #{memberPw}, #{memberName});
    </insert>

    <select id="selectMemberManage" resultType="com.bitc.java505_team4.dto.UserDto">
        SELECT
            member_num, member_email, member_name, admin_yn
        FROM
            food_member
        WHERE
            admin_yn != 'Y'
        ORDER BY
            member_email
    </select>

    <update id="updateUser" parameterType="com.bitc.java505_team4.dto.UserDto">
        UPDATE
            food_member
        SET
            admin_yn = #{adminYn}
        WHERE
            member_num = #{memberNum};
    </update>

    <delete id="deleteUser" parameterType="int">
        delete from
            food_member
        Where
            member_num = #{memberNum}
    </delete>
</mapper>